college,mean,performance
COAS,40.26843736,13.08722887
CCB,65.7279074,21.36154768
COE,56.83757039,18.4721903
CON,81.63173943,26.53028685
CVPA,63.22697788,20.54874631
